timestep,mean_reward,std_reward,min_reward,max_reward,mean_episode_length,mean_fuel_remaining,mean_fuel_consumed,success_rate,out_of_fuel_rate,crash_rate,category,parameter,value,label
10000,-155.54826001744175,81.16123809755591,-341.4872902100324,33.86796024395153,80.2,92.00163122632232,7.998368773677697,0.0,0.0,0.9333333333333332,Learning Rate,learning_rate,0.0001,learning_rate = 0.0001
20000,-130.84530628375555,107.25848558689474,-344.035195464734,-32.81292843836127,80.53333333333333,90.97403233570978,9.02596766429022,0.0,0.0,1.0,Learning Rate,learning_rate,0.0001,learning_rate = 0.0001
30000,-127.53382952084456,84.00530388154152,-295.14028703048825,14.8723436917644,83.06666666666666,90.64802687381084,9.35197312618916,0.0,0.0,0.9333333333333332,Learning Rate,learning_rate,0.0001,learning_rate = 0.0001
40000,-163.61632110612402,89.08697740649312,-323.1502577154897,-31.201427615480497,84.13333333333334,89.33856118234495,10.661438817655045,0.0,0.0,1.0,Learning Rate,learning_rate,0.0001,learning_rate = 0.0001
50000,-96.17165605204336,70.65142980565423,-222.8867715095776,42.6384428020101,113.26666666666668,81.16167755270378,18.83832244729623,0.0,0.0,0.8666666666666667,Learning Rate,learning_rate,0.0001,learning_rate = 0.0001
60000,-123.987298381269,101.88533121506812,-220.18589694821745,244.48717084201053,163.73333333333332,69.10427017120024,30.89572982879976,0.0666666666666666,0.0,0.9333333333333332,Learning Rate,learning_rate,0.0001,learning_rate = 0.0001
70000,-139.78994312885746,95.29118615322771,-219.43989107379693,196.9613865924021,184.66666666666663,64.84922957281893,35.15077042718108,0.0666666666666666,0.0,0.9333333333333332,Learning Rate,learning_rate,0.0001,learning_rate = 0.0001
80000,-42.72231053652117,149.2525198806422,-170.38886097630484,224.80353521185,264.2,54.917899446785455,45.08210055321455,0.2666666666666666,0.0,0.6666666666666666,Learning Rate,learning_rate,0.0001,learning_rate = 0.0001
90000,37.65639337120826,144.8507869906473,-158.8175444047153,245.96295375127343,306.0,58.508612247258434,41.49138775274158,0.5333333333333333,0.0,0.4,Learning Rate,learning_rate,0.0001,learning_rate = 0.0001
100000,-9.744386193970843,131.9324663707335,-153.1503139987588,243.70641783073543,268.2,56.49978525951505,43.50021474048494,0.2666666666666666,0.0,0.6666666666666666,Learning Rate,learning_rate,0.0001,learning_rate = 0.0001
110000,32.90935466021051,156.48343004182735,-162.88061143860222,267.6169744171202,345.7333333333333,48.68967349256079,51.3103265074392,0.5333333333333333,0.0,0.4666666666666667,Learning Rate,learning_rate,0.0001,learning_rate = 0.0001
120000,10.623889194724464,143.5537341662088,-176.8586692867801,236.57480433110143,317.3333333333333,50.16401131163041,49.8359886883696,0.4,0.0,0.6,Learning Rate,learning_rate,0.0001,learning_rate = 0.0001
130000,111.08763278119764,156.67250080086444,-164.0524377306178,279.5215096578747,306.8,51.076455550293154,48.92354444970688,0.6666666666666666,0.0,0.3333333333333333,Learning Rate,learning_rate,0.0001,learning_rate = 0.0001
140000,170.74764420704292,97.36013105102552,-38.94741626713426,272.99887433856725,327.6,49.24242505177856,50.75757494822144,0.8,0.0,0.1333333333333333,Learning Rate,learning_rate,0.0001,learning_rate = 0.0001
150000,119.71216425299396,126.10196143433778,-157.1324922895804,249.7765513068065,328.6,46.73670674179995,53.26329325820007,0.6666666666666666,0.0,0.2,Learning Rate,learning_rate,0.0001,learning_rate = 0.0001
10000,-123.42283899766238,68.09274166301205,-289.0700995703519,-39.75319583551027,81.73333333333333,90.62676315190272,9.373236848097294,0.0,0.0,1.0,Learning Rate,learning_rate,0.0003,learning_rate = 0.0003
20000,-141.42558071059952,76.87182985367237,-284.7458349799272,-52.14430342288688,91.8,87.30810526638604,12.691894733613976,0.0,0.0,1.0,Learning Rate,learning_rate,0.0003,learning_rate = 0.0003
30000,-217.44116364918867,89.79323437822832,-316.9807220319053,-12.397100743255578,115.2,80.8170558198355,19.182944180164483,0.0,0.0,1.0,Learning Rate,learning_rate,0.0003,learning_rate = 0.0003
40000,-247.71986580045453,56.86150802653646,-294.03036258765496,-94.31708517301011,116.8,78.16621514503612,21.833784854963888,0.0,0.0,1.0,Learning Rate,learning_rate,0.0003,learning_rate = 0.0003
50000,-120.42069551359492,92.66716591960632,-237.63887303907424,168.4444252809882,329.3333333333333,52.10120992896455,47.89879007103543,0.0666666666666666,0.2,0.7333333333333333,Learning Rate,learning_rate,0.0003,learning_rate = 0.0003
60000,-105.05580835590762,84.31751528002948,-184.0093117680028,190.11951274231075,221.86666666666667,60.966648927976685,39.03335107202332,0.0666666666666666,0.0666666666666666,0.8666666666666667,Learning Rate,learning_rate,0.0003,learning_rate = 0.0003
70000,17.989153804870934,170.61530220125124,-169.96814762383698,283.9466660962627,294.7333333333333,51.980476951201766,48.01952304879824,0.4,0.0,0.6,Learning Rate,learning_rate,0.0003,learning_rate = 0.0003
80000,147.541720760261,136.56836545182273,-171.4141489420086,280.98899548675865,317.06666666666666,54.37933790336054,45.62066209663946,0.7333333333333333,0.0,0.2,Learning Rate,learning_rate,0.0003,learning_rate = 0.0003
90000,139.00357577523343,128.17761198642455,-121.91680787492544,278.8129852328077,329.7333333333333,49.40514323626955,50.59485676373045,0.7333333333333333,0.0,0.2,Learning Rate,learning_rate,0.0003,learning_rate = 0.0003
100000,211.54629241620003,20.002870277930533,169.9967367016151,234.8278635819629,393.8666666666667,43.35486412336432,56.645135876635706,1.0,0.0,0.0,Learning Rate,learning_rate,0.0003,learning_rate = 0.0003
110000,177.17999169586102,79.60936293347866,-37.9760106703639,265.6319662041217,391.8,40.46041056672734,59.53958943327265,0.8666666666666667,0.0,0.0666666666666666,Learning Rate,learning_rate,0.0003,learning_rate = 0.0003
120000,189.96325276087472,80.58205947248999,-85.39792286247015,247.66565026685592,406.4,40.824808002859385,59.17519199714064,0.9333333333333332,0.0,0.0666666666666666,Learning Rate,learning_rate,0.0003,learning_rate = 0.0003
130000,212.81011911690484,35.65740535163666,145.32124348789452,261.4397913817688,447.73333333333335,39.6833277283609,60.3166722716391,1.0,0.0,0.0,Learning Rate,learning_rate,0.0003,learning_rate = 0.0003
140000,204.3452332043225,20.08803358645652,171.11234097659587,237.09139491140849,387.8,43.28042356505993,56.71957643494008,1.0,0.0,0.0,Learning Rate,learning_rate,0.0003,learning_rate = 0.0003
150000,203.6213243573904,61.587483562330064,-12.890305693224064,251.63195508010688,299.3333333333333,49.34736866056922,50.65263133943079,0.9333333333333332,0.0,0.0666666666666666,Learning Rate,learning_rate,0.0003,learning_rate = 0.0003
10000,-69.89470548668955,54.69611107498654,-190.2820612643845,50.63332514715148,72.33333333333333,93.38557451892336,6.614425481076663,0.0,0.0,0.9333333333333332,Learning Rate,learning_rate,0.001,learning_rate = 0.001
20000,-120.21415324817644,125.81731424909488,-468.5218500481424,7.427771456044866,93.86666666666666,86.62950730698803,13.37049269301196,0.0,0.0,0.8666666666666667,Learning Rate,learning_rate,0.001,learning_rate = 0.001
30000,-192.31563977552517,100.56788593635264,-319.7262936748448,-33.81716627220857,164.6,75.2692307898433,24.73076921015668,0.0,0.0666666666666666,0.9333333333333332,Learning Rate,learning_rate,0.001,learning_rate = 0.001
40000,-123.69276561652124,98.62424684589855,-240.5789439864457,210.18248443450776,148.4,72.84487986959518,27.15512013040484,0.0666666666666666,0.0,0.9333333333333332,Learning Rate,learning_rate,0.001,learning_rate = 0.001
50000,62.27123761132236,128.87501110932976,-179.58315254928544,211.79201383726672,432.2,33.27130050018429,66.72869949981572,0.5333333333333333,0.2666666666666666,0.2,Learning Rate,learning_rate,0.001,learning_rate = 0.001
60000,162.83653792454297,85.50579845817174,-43.37576563138514,241.37742006793616,440.1333333333333,39.9296562931935,60.07034370680652,0.8666666666666667,0.0,0.1333333333333333,Learning Rate,learning_rate,0.001,learning_rate = 0.001
70000,156.19787830472987,108.2085981541804,-76.76976228319108,249.38037473972884,414.2,41.52180352513991,58.4781964748601,0.8,0.0,0.2,Learning Rate,learning_rate,0.001,learning_rate = 0.001
80000,180.3707059698552,23.00953490743313,129.6369271652773,228.37885204587133,488.3333333333333,34.679938052396,65.320061947604,1.0,0.0,0.0,Learning Rate,learning_rate,0.001,learning_rate = 0.001
90000,210.99927854392172,22.858047296248134,171.91925782345228,249.77756905656304,518.1333333333333,30.44837933048607,69.55162066951394,1.0,0.0,0.0,Learning Rate,learning_rate,0.001,learning_rate = 0.001
100000,213.87930308026077,58.515126912679726,3.081765541359914,259.6541003498435,573.6666666666666,33.46783911079172,66.53216088920831,0.9333333333333332,0.0666666666666666,0.0,Learning Rate,learning_rate,0.001,learning_rate = 0.001
110000,231.3421292157124,25.238785459895063,176.96291389897476,267.1997865816205,441.1333333333333,40.49033697634939,59.50966302365064,1.0,0.0,0.0,Learning Rate,learning_rate,0.001,learning_rate = 0.001
120000,237.25932831617197,19.06888327885587,210.17243972629308,267.9971507789195,447.4666666666666,40.38950754225258,59.61049245774745,1.0,0.0,0.0,Learning Rate,learning_rate,0.001,learning_rate = 0.001
130000,215.73290428159137,66.57116478296383,-25.13544479407372,261.7830598291009,389.6,42.79035973896582,57.20964026103415,0.9333333333333332,0.0,0.0666666666666666,Learning Rate,learning_rate,0.001,learning_rate = 0.001
140000,223.2481274615228,25.885078092287188,167.03284440129968,266.59004104301334,313.53333333333336,48.33762490451339,51.66237509548661,1.0,0.0,0.0,Learning Rate,learning_rate,0.001,learning_rate = 0.001
150000,225.74980517215525,32.84364620980709,141.68422259002926,259.3397098870575,379.4,49.191899530887646,50.80810046911237,1.0,0.0,0.0,Learning Rate,learning_rate,0.001,learning_rate = 0.001
10000,-144.48380700953615,103.08544884166236,-323.69922914903145,-1.9409872850665124,88.53333333333333,89.12227895263585,10.877721047364174,0.0,0.0,1.0,Discount Factor,gamma,0.95,gamma = 0.95
20000,-102.03876223764964,72.2029754415797,-262.4072299023392,-10.589466485776938,85.2,88.95614157088876,11.04385842911123,0.0,0.0,1.0,Discount Factor,gamma,0.95,gamma = 0.95
30000,-103.97557841336044,96.58941634176972,-294.8867768987548,24.54143871320412,102.46666666666668,84.08625766360511,15.913742336394886,0.0,0.0,0.9333333333333332,Discount Factor,gamma,0.95,gamma = 0.95
40000,-206.8389970024076,67.40075801974427,-309.97019031626166,-88.07149366663305,176.66666666666666,66.92418726261083,33.07581273738916,0.0,0.0,1.0,Discount Factor,gamma,0.95,gamma = 0.95
50000,-113.4133232020301,102.38194633583448,-227.17079240415245,134.2435239089653,382.2,37.37291876666248,62.62708123333753,0.1333333333333333,0.1333333333333333,0.7333333333333333,Discount Factor,gamma,0.95,gamma = 0.95
60000,50.625197596006096,148.3239927187811,-226.13570422541352,206.3255082474649,486.06666666666666,23.77085314184426,76.2291468581557,0.6,0.1333333333333333,0.2666666666666666,Discount Factor,gamma,0.95,gamma = 0.95
70000,80.74427905134115,148.70379041449408,-202.2592506549135,258.30440084502106,543.4666666666667,26.41331189264856,73.58668810735146,0.7333333333333333,0.0,0.2666666666666666,Discount Factor,gamma,0.95,gamma = 0.95
80000,167.93314016498874,73.85939151700312,-72.45220743007957,241.5935166652501,548.2666666666667,20.415120702634248,79.58487929736576,0.9333333333333332,0.0666666666666666,0.0,Discount Factor,gamma,0.95,gamma = 0.95
90000,124.13495026036352,105.15030130196944,-134.14067600086332,236.90751450434325,571.4,11.181770052462822,88.81822994753719,0.8,0.0,0.1333333333333333,Discount Factor,gamma,0.95,gamma = 0.95
100000,13.943408166547616,128.7281799472808,-127.3735623690486,205.51607257187368,606.2666666666667,0.9874339768290624,99.01256602317088,0.4,0.6,0.0,Discount Factor,gamma,0.95,gamma = 0.95
110000,-50.98726826764644,96.26674934055558,-128.1279319009185,190.59155771732327,601.0666666666667,0.093041611214481,99.9069583887855,0.1333333333333333,0.8666666666666667,0.0,Discount Factor,gamma,0.95,gamma = 0.95
120000,-84.36995567694801,19.67927993616924,-115.65098734863102,-51.169161360710845,597.6666666666666,0.03614008307457,99.9638599169254,0.0,0.9333333333333332,0.0666666666666666,Discount Factor,gamma,0.95,gamma = 0.95
130000,-115.0180486249576,17.77342549729064,-150.23733598306774,-80.74938064262271,596.3333333333334,0.0,100.00000000000004,0.0,1.0,0.0,Discount Factor,gamma,0.95,gamma = 0.95
140000,-122.55516864380738,16.81458717696182,-149.16869983240963,-92.81912738487124,597.8,0.0,100.00000000000006,0.0,1.0,0.0,Discount Factor,gamma,0.95,gamma = 0.95
150000,-129.8814035240461,25.374196928417625,-179.19134504154323,-82.92814020499588,592.0,0.0,99.99999999999996,0.0,1.0,0.0,Discount Factor,gamma,0.95,gamma = 0.95
10000,-123.75266769720086,83.48331094317724,-361.15850249445066,-9.59038879230502,87.33333333333333,92.03886341189964,7.961136588100345,0.0,0.0,1.0,Discount Factor,gamma,0.99,gamma = 0.99
20000,-121.72984234107984,97.75516172155912,-325.87847397391687,-12.1462726497557,97.73333333333332,86.49401289737162,13.505987102628374,0.0,0.0,1.0,Discount Factor,gamma,0.99,gamma = 0.99
30000,-179.4799837594858,100.56677751556428,-319.4351100748172,-1.3920016655465588,120.73333333333332,77.57849688896287,22.421503111037115,0.0,0.0,1.0,Discount Factor,gamma,0.99,gamma = 0.99
40000,-240.240410148261,92.26386007994596,-303.6351971430984,84.69773782467587,183.4,68.85451708593328,31.14548291406673,0.0,0.0,0.9333333333333332,Discount Factor,gamma,0.99,gamma = 0.99
50000,-103.79251516331608,92.79832871433874,-194.8483068833873,219.43669391037895,316.06666666666666,55.59681435197592,44.40318564802409,0.0666666666666666,0.2,0.7333333333333333,Discount Factor,gamma,0.99,gamma = 0.99
60000,-62.08524435403943,125.49294142282452,-171.7068912147358,197.8155309413746,227.06666666666663,61.05488781109452,38.94511218890548,0.2,0.0,0.8,Discount Factor,gamma,0.99,gamma = 0.99
70000,-1.7296691312864434,144.5691809044723,-182.85521972227843,278.70117621634154,412.8,39.07631866787871,60.92368133212129,0.4,0.1333333333333333,0.4666666666666667,Discount Factor,gamma,0.99,gamma = 0.99
80000,137.9612444095264,128.84889180732986,-131.07163769166917,262.7261620295048,304.53333333333336,55.08557547782858,44.91442452217142,0.8,0.0,0.2,Discount Factor,gamma,0.99,gamma = 0.99
90000,219.46464726442844,84.85774225293159,-72.16440721556543,281.6466608950124,314.2,51.56829093908273,48.431709060917306,0.9333333333333332,0.0,0.0666666666666666,Discount Factor,gamma,0.99,gamma = 0.99
100000,194.97670203334584,74.31901640998979,-52.95954264625907,246.0347010021657,366.06666666666666,43.685696810781934,56.31430318921802,0.9333333333333332,0.0,0.0666666666666666,Discount Factor,gamma,0.99,gamma = 0.99
110000,207.25410055908063,30.792886165234368,125.32364547211677,266.2458615224808,364.0,40.4664522094528,59.53354779054722,1.0,0.0,0.0,Discount Factor,gamma,0.99,gamma = 0.99
120000,178.4041042281985,83.22689248336248,-39.83514139629904,244.1896580089256,631.6,34.609896432161335,65.3901035678387,0.8666666666666667,0.1333333333333333,0.0,Discount Factor,gamma,0.99,gamma = 0.99
130000,175.01895677109806,76.23338513348294,-52.03014458872389,268.7522844480351,444.4666666666666,36.86460620895031,63.1353937910497,0.9333333333333332,0.0666666666666666,0.0,Discount Factor,gamma,0.99,gamma = 0.99
140000,209.42820415728045,23.63728946070283,151.17796848133207,248.23212363138796,378.9333333333333,42.45766206656895,57.54233793343105,1.0,0.0,0.0,Discount Factor,gamma,0.99,gamma = 0.99
150000,223.14822344258428,21.37269963171254,193.96807974025617,270.2188735354692,325.8666666666667,48.62402632335824,51.37597367664178,1.0,0.0,0.0,Discount Factor,gamma,0.99,gamma = 0.99
10000,-96.33681514454462,45.4189948160958,-169.49788050487405,-19.578172716253903,94.13333333333334,88.35779895425465,11.64220104574536,0.0,0.0,1.0,Discount Factor,gamma,0.999,gamma = 0.999
20000,-187.18843382157112,108.3516773850041,-426.6320745702542,-42.59364010344143,85.4,89.85034969187497,10.14965030812503,0.0,0.0,1.0,Discount Factor,gamma,0.999,gamma = 0.999
30000,-173.6458063635978,122.7457430790932,-365.3338134156121,-17.185109805490356,104.33333333333331,82.1575580311256,17.842441968874386,0.0,0.0,1.0,Discount Factor,gamma,0.999,gamma = 0.999
40000,-159.98657323104206,105.646931030388,-278.8624406788498,-11.273815492168069,105.13333333333334,82.91942272113016,17.080577278869846,0.0,0.0,1.0,Discount Factor,gamma,0.999,gamma = 0.999
50000,-153.80431678997476,73.84785361939437,-264.330803877227,-42.37443170230837,112.06666666666666,79.23747333208719,20.7625266679128,0.0,0.0,1.0,Discount Factor,gamma,0.999,gamma = 0.999
60000,-76.1803051041787,96.0567443350249,-181.5211051114649,221.3418961521983,129.86666666666667,76.83728419676422,23.162715803235763,0.0666666666666666,0.0,0.8666666666666667,Discount Factor,gamma,0.999,gamma = 0.999
70000,-29.249051949037867,154.01988933160524,-168.4664711204171,247.24340037442744,160.06666666666666,71.89543314702811,28.104566852971917,0.2666666666666666,0.0,0.7333333333333333,Discount Factor,gamma,0.999,gamma = 0.999
80000,-66.65493913905321,139.95865957275922,-206.28532830333336,224.71540919510647,176.4,70.14553648747504,29.85446351252496,0.2,0.0,0.8,Discount Factor,gamma,0.999,gamma = 0.999
90000,4.819432875499127,146.89669368028913,-163.0852471562475,198.58053138744089,220.9333333333333,66.14348220666253,33.85651779333752,0.4,0.0,0.6,Discount Factor,gamma,0.999,gamma = 0.999
100000,3.406014569235337,157.86463058749277,-190.6233250628412,259.0857835917175,220.6,63.06978769873583,36.93021230126419,0.3333333333333333,0.0,0.6,Discount Factor,gamma,0.999,gamma = 0.999
110000,29.88538516303896,142.69027532964748,-175.52755797307944,209.7605647331104,253.86666666666667,63.09723169644676,36.90276830355326,0.4,0.0,0.5333333333333333,Discount Factor,gamma,0.999,gamma = 0.999
120000,24.59577613636354,124.31241678184377,-144.45192698251458,229.3952949274704,203.6,65.33124552379053,34.668754476209486,0.3333333333333333,0.0,0.6,Discount Factor,gamma,0.999,gamma = 0.999
130000,40.88953069881847,123.08421437090963,-156.6940580907464,211.76035176228729,227.26666666666668,63.1588846164445,36.84111538355549,0.4,0.0,0.5333333333333333,Discount Factor,gamma,0.999,gamma = 0.999
140000,168.5427071635574,102.1657374360468,-38.77545904807746,266.915788404718,243.8,66.12742501745625,33.87257498254379,0.8,0.0,0.2,Discount Factor,gamma,0.999,gamma = 0.999
150000,199.4741343766773,65.12795751773156,-12.765882760137316,275.266523976177,243.53333333333333,64.02979864185058,35.970201358149446,0.9333333333333332,0.0,0.0666666666666666,Discount Factor,gamma,0.999,gamma = 0.999
10000,-126.00300692037368,71.19178105133754,-258.6620834741043,-27.20705761841964,86.66666666666667,91.32003970901172,8.679960290988287,0.0,0.0,1.0,Exploration-Exploitation (Entropy),ent_coef,0.0,ent_coef = 0.0
20000,-222.05995399864625,155.1122762060421,-524.0715519106016,-4.545207002840471,91.86666666666666,86.53859295497647,13.461407045023511,0.0,0.0,1.0,Exploration-Exploitation (Entropy),ent_coef,0.0,ent_coef = 0.0
30000,-224.64346123271017,118.15680860173764,-411.61755362281576,9.758593235630542,114.73333333333332,79.01671780338822,20.983282196611786,0.0,0.0,0.9333333333333332,Exploration-Exploitation (Entropy),ent_coef,0.0,ent_coef = 0.0
40000,-222.992651507404,83.4146324675342,-296.3555618859059,-0.4432125886669382,113.73333333333332,78.30433781178668,21.69566218821332,0.0,0.0,1.0,Exploration-Exploitation (Entropy),ent_coef,0.0,ent_coef = 0.0
50000,-152.59607692751914,79.5450892703294,-424.97258238917215,-83.19759511297569,230.86666666666667,54.77690743184335,45.22309256815662,0.0,0.0666666666666666,0.9333333333333332,Exploration-Exploitation (Entropy),ent_coef,0.0,ent_coef = 0.0
60000,-132.02071175729236,38.817349979990354,-194.98133298488332,-63.486622556988166,447.6666666666667,29.574862905715904,70.42513709428411,0.0,0.4666666666666667,0.5333333333333333,Exploration-Exploitation (Entropy),ent_coef,0.0,ent_coef = 0.0
70000,-97.04935834960516,80.78975559683381,-205.43553845522928,114.44008673638106,555.7333333333333,16.051720278809476,83.94827972119054,0.0666666666666666,0.6666666666666666,0.2666666666666666,Exploration-Exploitation (Entropy),ent_coef,0.0,ent_coef = 0.0
80000,-67.99914215868215,86.6190032823974,-182.748851711154,198.5768701819329,628.9333333333333,11.08132792860271,88.91867207139725,0.0666666666666666,0.6,0.3333333333333333,Exploration-Exploitation (Entropy),ent_coef,0.0,ent_coef = 0.0
90000,-81.78792824296903,77.82566903369757,-165.8174869204685,154.7634801639989,575.1333333333333,16.65216172769667,83.34783827230335,0.0666666666666666,0.6,0.3333333333333333,Exploration-Exploitation (Entropy),ent_coef,0.0,ent_coef = 0.0
100000,89.50436649053545,122.51187731397262,-142.6800171601027,229.34830054428423,550.7333333333333,19.519448959132067,80.48055104086794,0.6,0.4,0.0,Exploration-Exploitation (Entropy),ent_coef,0.0,ent_coef = 0.0
110000,192.83350181770567,38.46823044006457,99.1608177835122,260.2069790453836,571.0,24.51168523515264,75.48831476484732,1.0,0.0,0.0,Exploration-Exploitation (Entropy),ent_coef,0.0,ent_coef = 0.0
120000,129.17282487229252,108.8255754238964,-103.55306571695954,234.25040054470296,525.2666666666667,25.456294281979478,74.54370571802055,0.8,0.2,0.0,Exploration-Exploitation (Entropy),ent_coef,0.0,ent_coef = 0.0
130000,225.29908741199225,68.88243388974782,-5.892609146498188,275.8242734564841,304.46666666666664,50.41067382380368,49.58932617619633,0.9333333333333332,0.0,0.0666666666666666,Exploration-Exploitation (Entropy),ent_coef,0.0,ent_coef = 0.0
140000,213.2622694119463,40.5467148781508,150.13777111068373,268.4986430438236,348.4,47.998969016969255,52.001030983030766,1.0,0.0,0.0,Exploration-Exploitation (Entropy),ent_coef,0.0,ent_coef = 0.0
150000,160.57296724100402,105.13153852294984,-59.97599929749973,272.4805933181941,585.1333333333333,37.43536854957544,62.5646314504246,0.8,0.2,0.0,Exploration-Exploitation (Entropy),ent_coef,0.0,ent_coef = 0.0
10000,-141.69535847126002,95.30702335052924,-296.97981212710147,5.721072475193068,92.86666666666666,89.33937123177108,10.660628768228923,0.0,0.0,0.9333333333333332,Exploration-Exploitation (Entropy),ent_coef,0.01,ent_coef = 0.01
20000,-108.33697599926646,75.81065275969665,-270.23412526641505,-21.99654602684313,93.26666666666668,87.83193785116231,12.168062148837684,0.0,0.0,1.0,Exploration-Exploitation (Entropy),ent_coef,0.01,ent_coef = 0.01
30000,-195.12278372016732,112.96202498017844,-338.1557430976536,-38.76139824721031,113.93333333333334,79.52769790501642,20.47230209498356,0.0,0.0,1.0,Exploration-Exploitation (Entropy),ent_coef,0.01,ent_coef = 0.01
40000,-222.93101643517397,81.70116859596546,-295.54418564401567,0.9191949902451596,163.93333333333334,70.4030268087952,29.59697319120479,0.0,0.0666666666666666,0.8666666666666667,Exploration-Exploitation (Entropy),ent_coef,0.01,ent_coef = 0.01
50000,-94.06326195545368,118.13321758245333,-202.41814923884343,220.66484235476705,253.0,60.70391770243645,39.29608229756356,0.1333333333333333,0.0666666666666666,0.8,Exploration-Exploitation (Entropy),ent_coef,0.01,ent_coef = 0.01
60000,-8.684247838879626,152.30802376334591,-151.75521391801536,266.6661373186856,244.7333333333333,59.61868849734465,40.38131150265534,0.4,0.0,0.6,Exploration-Exploitation (Entropy),ent_coef,0.01,ent_coef = 0.01
70000,20.31110397735237,170.22400000182657,-170.2737840224802,283.96708003588014,343.2,49.397084958652655,50.60291504134734,0.4666666666666667,0.0,0.5333333333333333,Exploration-Exploitation (Entropy),ent_coef,0.01,ent_coef = 0.01
80000,143.78181854940206,140.957508117754,-98.59097526334229,294.5305406732485,299.2,55.60320776566864,44.39679223433136,0.7333333333333333,0.0,0.2666666666666666,Exploration-Exploitation (Entropy),ent_coef,0.01,ent_coef = 0.01
90000,156.3647067766785,134.90653983954263,-183.86071744419647,283.84263818264003,327.2,50.078087973246994,49.92191202675301,0.8,0.0,0.1333333333333333,Exploration-Exploitation (Entropy),ent_coef,0.01,ent_coef = 0.01
100000,185.0186344175016,61.74468063805218,-30.91380630332968,235.86709269266572,471.6,40.5189929763476,59.4810070236524,0.9333333333333332,0.0666666666666666,0.0,Exploration-Exploitation (Entropy),ent_coef,0.01,ent_coef = 0.01
110000,210.85250357223296,20.641431193228488,160.08366594962774,244.1980910629034,391.6,41.02307575955989,58.97692424044013,1.0,0.0,0.0,Exploration-Exploitation (Entropy),ent_coef,0.01,ent_coef = 0.01
120000,182.58563321767,51.58374207034965,16.735210179202284,239.1509891145304,361.73333333333335,41.76234058573842,58.23765941426159,0.9333333333333332,0.0,0.0,Exploration-Exploitation (Entropy),ent_coef,0.01,ent_coef = 0.01
130000,207.55136111780752,38.2254385067755,151.892118517831,279.30478948146106,418.0,40.65879529948038,59.341204700519626,1.0,0.0,0.0,Exploration-Exploitation (Entropy),ent_coef,0.01,ent_coef = 0.01
140000,211.11167990475147,24.56565645032216,152.97905596021565,251.32152135886253,346.26666666666665,44.42221330011888,55.57778669988114,1.0,0.0,0.0,Exploration-Exploitation (Entropy),ent_coef,0.01,ent_coef = 0.01
150000,212.87101045797263,72.24199444860608,-48.35669847711922,268.85628932669755,332.26666666666665,50.04409783363345,49.95590216636653,0.9333333333333332,0.0,0.0666666666666666,Exploration-Exploitation (Entropy),ent_coef,0.01,ent_coef = 0.01
10000,-110.68882420130151,95.58357389244162,-348.99915180768585,-4.365964616270503,93.93333333333334,87.88107956825135,12.118920431748654,0.0,0.0,1.0,Exploration-Exploitation (Entropy),ent_coef,0.05,ent_coef = 0.05
20000,-165.02947280738198,113.29414331592828,-449.4427187383152,-45.55523470041226,115.4,80.79601165545331,19.203988344546715,0.0,0.0,1.0,Exploration-Exploitation (Entropy),ent_coef,0.05,ent_coef = 0.05
30000,-192.4703496503256,135.4672946534278,-425.9743512661662,22.003039055271078,112.93333333333334,80.17834012787168,19.821659872128315,0.0,0.0,0.9333333333333332,Exploration-Exploitation (Entropy),ent_coef,0.05,ent_coef = 0.05
40000,-161.04073856854438,103.05122518827145,-321.21641259547323,5.2514613143540885,108.8,79.38901461717984,20.61098538282017,0.0,0.0,0.9333333333333332,Exploration-Exploitation (Entropy),ent_coef,0.05,ent_coef = 0.05
50000,-139.97951609835772,89.4052390555688,-258.7791352663189,170.2719449344091,178.8,67.45393975242969,32.54606024757028,0.0666666666666666,0.0,0.9333333333333332,Exploration-Exploitation (Entropy),ent_coef,0.05,ent_coef = 0.05
60000,-23.6648884886317,146.8485028934595,-231.27424485892053,230.2626375224069,231.0,61.11692253577211,38.883077464227874,0.2666666666666666,0.0,0.7333333333333333,Exploration-Exploitation (Entropy),ent_coef,0.05,ent_coef = 0.05
70000,82.46275292680163,158.50357149786186,-140.22031668204815,271.32876380275934,346.46666666666664,46.51761624773344,53.48238375226658,0.5333333333333333,0.1333333333333333,0.3333333333333333,Exploration-Exploitation (Entropy),ent_coef,0.05,ent_coef = 0.05
80000,217.2161764420867,41.49675333708883,110.642168966122,266.8489488001168,338.8,50.5966760516167,49.40332394838333,1.0,0.0,0.0,Exploration-Exploitation (Entropy),ent_coef,0.05,ent_coef = 0.05
90000,191.69470751667023,75.5927843300459,-65.47909791667016,255.25916889712212,538.7333333333333,41.20671462818981,58.7932853718102,0.9333333333333332,0.0666666666666666,0.0,Exploration-Exploitation (Entropy),ent_coef,0.05,ent_coef = 0.05
100000,198.4373537243728,60.16171631528662,-14.125841399021994,248.65718072749672,433.26666666666665,41.93896087735892,58.06103912264107,0.9333333333333332,0.0666666666666666,0.0,Exploration-Exploitation (Entropy),ent_coef,0.05,ent_coef = 0.05
110000,176.7047826448306,102.67550451999378,-43.54122431706615,259.8526894210279,641.8,36.6722904293736,63.3277095706264,0.8,0.1333333333333333,0.0666666666666666,Exploration-Exploitation (Entropy),ent_coef,0.05,ent_coef = 0.05
120000,220.02565037980912,11.605669327983405,196.9773157531391,239.00270993351936,301.8666666666667,48.888683913002446,51.11131608699757,1.0,0.0,0.0,Exploration-Exploitation (Entropy),ent_coef,0.05,ent_coef = 0.05
130000,228.09323385065792,22.009173192503777,191.16837019518013,262.5734319424629,303.26666666666665,50.35082951545715,49.64917048454284,1.0,0.0,0.0,Exploration-Exploitation (Entropy),ent_coef,0.05,ent_coef = 0.05
140000,215.39072681005783,59.421496302754655,-1.948040556610408,243.97002755068243,434.26666666666665,44.93557231048749,55.06442768951253,0.9333333333333332,0.0666666666666666,0.0,Exploration-Exploitation (Entropy),ent_coef,0.05,ent_coef = 0.05
150000,190.57671865166225,79.80594270592243,-22.54112654410318,232.6553209778666,432.73333333333335,47.534837076167285,52.46516292383272,0.8666666666666667,0.0666666666666666,0.0,Exploration-Exploitation (Entropy),ent_coef,0.05,ent_coef = 0.05
